question_id,sqlite_source_query,mysql_direct_from_sqlite,direct_status,pg_intermediate_query,mysql_via_pg,via_pg_status,both_succeeded,queries_identical
0,SELECT `Free Meal Count (K-12)` / `Enrollment (K-12)` FROM frpm WHERE `County Name` = 'Alameda' ORDER BY (CAST(`Free Meal Count (K-12)` AS REAL) / `Enrollment (K-12)`) DESC LIMIT 1,SELECT `Free Meal Count (K-12)` / `Enrollment (K-12)` FROM frpm WHERE `County Name` = 'Alameda' ORDER BY (`Free Meal Count (K-12)` / `Enrollment (K-12)`) DESC LIMIT 1,result_matched,"SELECT ""Free Meal Count (K-12)"" / ""Enrollment (K-12)"" FROM ""frpm"" WHERE ""County Name"" = 'Alameda' ORDER BY (""Free Meal Count (K-12)""::DOUBLE PRECISION / ""Enrollment (K-12)"") DESC NULLS LAST LIMIT 1",SELECT `Free Meal Count (K-12)` / `Enrollment (K-12)` FROM `frpm` WHERE `County Name` = 'Alameda' ORDER BY (`Free Meal Count (K-12)` / `Enrollment (K-12)`) DESC LIMIT 1,result_matched,True,False
1,SELECT `Free Meal Count (Ages 5-17)` / `Enrollment (Ages 5-17)` FROM frpm WHERE `Educational Option Type` = 'Continuation School' AND `Free Meal Count (Ages 5-17)` / `Enrollment (Ages 5-17)` IS NOT NULL ORDER BY `Free Meal Count (Ages 5-17)` / `Enrollment (Ages 5-17)` ASC LIMIT 3,SELECT `Free Meal Count (Ages 5-17)` / `Enrollment (Ages 5-17)` FROM frpm WHERE `Educational Option Type` = 'Continuation School' AND `Free Meal Count (Ages 5-17)` / `Enrollment (Ages 5-17)` IS NOT NULL ORDER BY `Free Meal Count (Ages 5-17)` / `Enrollment (Ages 5-17)` ASC LIMIT 3,result_matched,"SELECT ""Free Meal Count (Ages 5-17)"" / ""Enrollment (Ages 5-17)"" FROM ""frpm"" WHERE ""Educational Option Type"" = 'Continuation School' AND ""Free Meal Count (Ages 5-17)"" / ""Enrollment (Ages 5-17)"" IS NOT NULL ORDER BY ""Free Meal Count (Ages 5-17)"" / ""Enrollment (Ages 5-17)"" ASC NULLS LAST LIMIT 3",SELECT `Free Meal Count (Ages 5-17)` / `Enrollment (Ages 5-17)` FROM `frpm` WHERE `Educational Option Type` = 'Continuation School' AND `Free Meal Count (Ages 5-17)` / `Enrollment (Ages 5-17)` IS NOT NULL ORDER BY `Free Meal Count (Ages 5-17)` / `Enrollment (Ages 5-17)` ASC LIMIT 3,result_matched,True,False
2,SELECT T2.Zip FROM frpm AS T1 INNER JOIN schools AS T2 ON T1.CDSCode = T2.CDSCode WHERE T1.`District Name` = 'Fresno County Office of Education' AND T1.`Charter School (Y/N)` = 1,SELECT T2.Zip FROM frpm AS T1 INNER JOIN schools AS T2 ON T1.CDSCode = T2.CDSCode WHERE T1.`District Name` = 'Fresno County Office of Education' AND T1.`Charter School (Y/N)` = 1,result_matched,"SELECT T2.""Zip"" FROM ""frpm"" AS T1 INNER JOIN ""schools"" AS T2 ON T1.""CDSCode"" = T2.""CDSCode"" WHERE T1.""District Name"" = 'Fresno County Office of Education' AND T1.""Charter School (Y/N)"" = TRUE",SELECT T2.`Zip` FROM `frpm` AS T1 INNER JOIN `schools` AS T2 ON T1.`CDSCode` = T2.`CDSCode` WHERE T1.`District Name` = 'Fresno County Office of Education' AND T1.`Charter School (Y/N)` = 1,result_matched,True,False
3,SELECT T2.MailStreet FROM frpm AS T1 INNER JOIN schools AS T2 ON T1.CDSCode = T2.CDSCode ORDER BY T1.`FRPM Count (K-12)` DESC LIMIT 1,SELECT T2.MailStreet FROM frpm AS T1 INNER JOIN schools AS T2 ON T1.CDSCode = T2.CDSCode ORDER BY T1.`FRPM Count (K-12)` DESC LIMIT 1,result_matched,"SELECT T2.""MailStreet"" FROM ""frpm"" AS T1 INNER JOIN ""schools"" AS T2 ON T1.""CDSCode"" = T2.""CDSCode"" ORDER BY T1.""FRPM Count (K-12)"" DESC NULLS LAST LIMIT 1",SELECT T2.`MailStreet` FROM `frpm` AS T1 INNER JOIN `schools` AS T2 ON T1.`CDSCode` = T2.`CDSCode` ORDER BY T1.`FRPM Count (K-12)` DESC LIMIT 1,result_matched,True,False
4,SELECT T2.Phone FROM frpm AS T1 INNER JOIN schools AS T2 ON T1.CDSCode = T2.CDSCode WHERE T1.`Charter Funding Type` = 'Directly funded' AND T1.`Charter School (Y/N)` = 1 AND T2.OpenDate > '2000-01-01',SELECT T2.Phone FROM frpm AS T1 INNER JOIN schools AS T2 ON T1.CDSCode = T2.CDSCode WHERE T1.`Charter Funding Type` = 'Directly funded' AND T1.`Charter School (Y/N)` = 1 AND T2.OpenDate > '2000-01-01',result_matched,"SELECT T2.""Phone"" FROM ""frpm"" AS T1 INNER JOIN ""schools"" AS T2 ON T1.""CDSCode"" = T2.""CDSCode"" WHERE T1.""Charter Funding Type"" = 'Directly funded' AND T1.""Charter School (Y/N)"" = TRUE AND T2.""OpenDate"" > '2000-01-01'",SELECT T2.`Phone` FROM `frpm` AS T1 INNER JOIN `schools` AS T2 ON T1.`CDSCode` = T2.`CDSCode` WHERE T1.`Charter Funding Type` = 'Directly funded' AND T1.`Charter School (Y/N)` = 1 AND T2.`OpenDate` > '2000-01-01',result_matched,True,False
5,SELECT COUNT(DISTINCT T2.School) FROM satscores AS T1 INNER JOIN schools AS T2 ON T1.cds = T2.CDSCode WHERE T2.Virtual = 'F' AND T1.AvgScrMath > 400,SELECT COUNT(DISTINCT T2.`School`) FROM `satscores` AS T1 INNER JOIN `schools` AS T2 ON T1.`cds` = T2.`CDSCode` WHERE T2.`Virtual` = 'F' AND T1.`AvgScrMath` > 400,result_matched,"SELECT COUNT(DISTINCT T2.""School"") FROM ""satscores"" AS T1 INNER JOIN ""schools"" AS T2 ON T1.""cds"" = T2.""CDSCode"" WHERE T2.""Virtual"" = 'F' AND T1.""AvgScrMath"" > 400",SELECT COUNT(DISTINCT T2.`School`) FROM `satscores` AS T1 INNER JOIN `schools` AS T2 ON T1.`cds` = T2.`CDSCode` WHERE T2.`Virtual` = 'F' AND T1.`AvgScrMath` > 400,result_matched,True,True
6,SELECT T2.School FROM satscores AS T1 INNER JOIN schools AS T2 ON T1.cds = T2.CDSCode WHERE T2.Magnet = 1 AND T1.NumTstTakr > 500,SELECT T2.School FROM satscores AS T1 INNER JOIN schools AS T2 ON T1.cds = T2.CDSCode WHERE T2.Magnet = 1 AND T1.NumTstTakr > 500,result_matched,"SELECT T2.""School"" FROM ""satscores"" AS T1 INNER JOIN ""schools"" AS T2 ON T1.""cds"" = T2.""CDSCode"" WHERE T2.""Magnet"" = TRUE AND T1.""NumTstTakr"" > 500",SELECT T2.`School` FROM `satscores` AS T1 INNER JOIN `schools` AS T2 ON T1.`cds` = T2.`CDSCode` WHERE T2.`Magnet` = 1 AND T1.`NumTstTakr` > 500,result_matched,True,False
7,SELECT T2.Phone FROM satscores AS T1 INNER JOIN schools AS T2 ON T1.cds = T2.CDSCode ORDER BY T1.NumGE1500 DESC LIMIT 1,SELECT T2.Phone FROM satscores AS T1 INNER JOIN schools AS T2 ON T1.cds = T2.CDSCode ORDER BY T1.NumGE1500 DESC LIMIT 1,result_matched,"SELECT T2.""Phone"" FROM ""satscores"" AS T1 INNER JOIN ""schools"" AS T2 ON T1.""cds"" = T2.""CDSCode"" ORDER BY T1.""NumGE1500"" DESC NULLS LAST LIMIT 1",SELECT T2.`Phone` FROM `satscores` AS T1 INNER JOIN `schools` AS T2 ON T1.`cds` = T2.`CDSCode` ORDER BY T1.`NumGE1500` DESC LIMIT 1,result_matched,True,False
8,SELECT NumTstTakr FROM satscores WHERE cds = ( SELECT CDSCode FROM frpm ORDER BY `FRPM Count (K-12)` DESC LIMIT 1 ),SELECT NumTstTakr FROM satscores WHERE cds = ( SELECT CDSCode FROM frpm ORDER BY `FRPM Count (K-12)` DESC LIMIT 1 ),result_matched,"SELECT ""NumTstTakr"" FROM ""satscores"" WHERE ""cds"" = ( SELECT ""CDSCode"" FROM ""frpm"" ORDER BY ""FRPM Count (K-12)"" DESC NULLS LAST LIMIT 1 )",SELECT `NumTstTakr` FROM `satscores` WHERE `cds` = ( SELECT `CDSCode` FROM `frpm` ORDER BY `FRPM Count (K-12)` DESC LIMIT 1 ),result_matched,True,False
9,SELECT COUNT(T2.`School Code`) FROM satscores AS T1 INNER JOIN frpm AS T2 ON T1.cds = T2.CDSCode WHERE T1.AvgScrMath > 560 AND T2.`Charter Funding Type` = 'Directly funded',SELECT COUNT(T2.`School Code`) FROM satscores AS T1 INNER JOIN frpm AS T2 ON T1.cds = T2.CDSCode WHERE T1.AvgScrMath > 560 AND T2.`Charter Funding Type` = 'Directly funded',result_matched,SQLite→PG failed,,N/A,False,False
10,SELECT T2.`FRPM Count (Ages 5-17)` FROM satscores AS T1 INNER JOIN frpm AS T2 ON T1.cds = T2.CDSCode ORDER BY T1.AvgScrRead DESC LIMIT 1,SELECT T2.`FRPM Count (Ages 5-17)` FROM satscores AS T1 INNER JOIN frpm AS T2 ON T1.cds = T2.CDSCode ORDER BY T1.AvgScrRead DESC LIMIT 1,result_matched,"SELECT T2.""FRPM Count (Ages 5-17)"" FROM ""satscores"" AS T1 INNER JOIN ""frpm"" AS T2 ON T1.""cds"" = T2.""CDSCode"" ORDER BY T1.""AvgScrRead"" DESC NULLS FIRST LIMIT 1","SELECT T2.`FRPM Count (Ages 5-17)` FROM `satscores` AS T1 INNER JOIN `frpm` AS T2 ON T1.`cds` = T2.`CDSCode` ORDER BY CASE WHEN T1.`AvgScrRead` IS NULL THEN 0 ELSE 1 END ASC, T1.`AvgScrRead` DESC LIMIT 1",result_matched,True,False
11,SELECT T2.CDSCode FROM schools AS T1 INNER JOIN frpm AS T2 ON T1.CDSCode = T2.CDSCode WHERE T2.`Enrollment (K-12)` + T2.`Enrollment (Ages 5-17)` > 500,SELECT T2.CDSCode FROM schools AS T1 INNER JOIN frpm AS T2 ON T1.CDSCode = T2.CDSCode WHERE T2.`Enrollment (K-12)` + T2.`Enrollment (Ages 5-17)` > 500,result_matched,"SELECT T2.""CDSCode"" FROM ""schools"" AS T1 INNER JOIN ""frpm"" AS T2 ON T1.""CDSCode"" = T2.""CDSCode"" WHERE T2.""Enrollment (K-12)"" + T2.""Enrollment (Ages 5-17)"" > 500",SELECT T2.`CDSCode` FROM `schools` AS T1 INNER JOIN `frpm` AS T2 ON T1.`CDSCode` = T2.`CDSCode` WHERE T2.`Enrollment (K-12)` + T2.`Enrollment (Ages 5-17)` > 500,result_matched,True,False
12,SELECT MAX(CAST(T1.`Free Meal Count (Ages 5-17)` AS REAL) / T1.`Enrollment (Ages 5-17)`) FROM frpm AS T1 INNER JOIN satscores AS T2 ON T1.CDSCode = T2.cds WHERE CAST(T2.NumGE1500 AS REAL) / T2.NumTstTakr > 0.3,SELECT MAX(CAST(T1.`Free Meal Count (Ages 5-17)` AS DOUBLE) / T1.`Enrollment (Ages 5-17)`) FROM frpm AS T1 INNER JOIN satscores AS T2 ON T1.CDSCode = T2.cds WHERE CAST(T2.NumGE1500 AS DOUBLE) / T2.NumTstTakr > 0.3,result_matched,"SELECT MAX(T1.""Free Meal Count (Ages 5-17)"" / T1.""Enrollment (Ages 5-17)"") FROM ""frpm"" AS T1 INNER JOIN ""satscores"" AS T2 ON T1.""CDSCode"" = T2.""cds"" WHERE T2.""NumGE1500""::DOUBLE PRECISION / T2.""NumTstTakr"" > 0.3",SELECT MAX(T1.`Free Meal Count (Ages 5-17)` / T1.`Enrollment (Ages 5-17)`) FROM `frpm` AS T1 INNER JOIN `satscores` AS T2 ON T1.`CDSCode` = T2.`cds` WHERE CAST(T2.`NumGE1500` AS DOUBLE) / T2.`NumTstTakr` > 0.3,result_matched,True,False
13,SELECT T1.Phone FROM schools AS T1 INNER JOIN satscores AS T2 ON T1.CDSCode = T2.cds ORDER BY CAST(T2.NumGE1500 AS REAL) / T2.NumTstTakr DESC LIMIT 3,SELECT T1.Phone FROM schools AS T1 INNER JOIN satscores AS T2 ON T1.CDSCode = T2.cds ORDER BY CAST(T2.NumGE1500 AS REAL) / T2.NumTstTakr DESC LIMIT 3,result_matched,"SELECT T1.""Phone"" FROM ""schools"" AS T1 INNER JOIN ""satscores"" AS T2 ON T1.""CDSCode"" = T2.""cds"" ORDER BY T2.""NumGE1500""::DOUBLE PRECISION / T2.""NumTstTakr"" DESC NULLS LAST LIMIT 3","SELECT T1.`Phone` FROM `schools` AS T1 INNER JOIN `satscores` AS T2 ON T1.`CDSCode` = T2.`cds` ORDER BY (CAST(T2.`NumGE1500` AS DOUBLE) / T2.`NumTstTakr` IS NULL) ASC, CAST(T2.`NumGE1500` AS DOUBLE) / T2.`NumTstTakr` DESC LIMIT 3",result_matched,True,False
14,SELECT T1.NCESSchool FROM schools AS T1 INNER JOIN frpm AS T2 ON T1.CDSCode = T2.CDSCode ORDER BY T2.`Enrollment (Ages 5-17)` DESC LIMIT 5,SELECT T1.NCESSchool FROM schools AS T1 INNER JOIN frpm AS T2 ON T1.CDSCode = T2.CDSCode ORDER BY T2.`Enrollment (Ages 5-17)` DESC LIMIT 5,result_matched,"SELECT T1.""NCESSchool"" FROM ""schools"" AS T1 INNER JOIN ""frpm"" AS T2 ON T1.""CDSCode"" = T2.""CDSCode"" ORDER BY T2.""Enrollment (Ages 5-17)"" DESC NULLS LAST LIMIT 5",SELECT T1.`NCESSchool` FROM `schools` AS T1 INNER JOIN `frpm` AS T2 ON T1.`CDSCode` = T2.`CDSCode` ORDER BY T2.`Enrollment (Ages 5-17)` DESC LIMIT 5,result_matched,True,False
15,SELECT T1.District FROM schools AS T1 INNER JOIN satscores AS T2 ON T1.CDSCode = T2.cds WHERE T1.StatusType = 'Active' ORDER BY T2.AvgScrRead DESC LIMIT 1,"SELECT `T1`.`District` FROM `schools` AS `T1` INNER JOIN `satscores` AS `T2` ON `T1`.`CDSCode` = `T2`.`cds` WHERE `T1`.`StatusType` = 'Active' AND `T2`.`AvgScrRead` IS NOT NULL ORDER BY `T2`.`AvgScrRead` DESC, `T1`.`School` ASC, `T1`.`CDSCode` ASC LIMIT 1",exhausted_retry,SQLite→PG failed,,N/A,False,False
16,SELECT COUNT(T1.CDSCode) FROM schools AS T1 INNER JOIN satscores AS T2 ON T1.CDSCode = T2.cds WHERE T1.StatusType = 'Merged' AND T2.NumTstTakr < 100 AND T1.County = 'Lake',SELECT COUNT(T1.CDSCode) FROM schools AS T1 INNER JOIN satscores AS T2 ON T1.CDSCode = T2.cds WHERE T1.StatusType = 'Merged' AND T2.NumTstTakr < 100 AND T1.County = 'Lake',result_matched,"SELECT COUNT(T1.""CDSCode"") FROM ""schools"" AS T1 INNER JOIN ""satscores"" AS T2 ON T1.""CDSCode"" = T2.""cds"" WHERE T1.""StatusType"" = 'Merged' AND T2.""NumTstTakr"" < 100 AND T1.""County"" = 'Lake'",SELECT COUNT(T1.`CDSCode`) FROM `schools` AS T1 INNER JOIN `satscores` AS T2 ON T1.`CDSCode` = T2.`cds` WHERE T1.`StatusType` = 'Merged' AND T2.`NumTstTakr` < 100 AND T1.`County` = 'Lake',result_matched,True,False
17,"SELECT CharterNum, AvgScrWrite, RANK() OVER (ORDER BY AvgScrWrite DESC) AS WritingScoreRank FROM schools AS T1  INNER JOIN satscores AS T2 ON T1.CDSCode = T2.cds WHERE T2.AvgScrWrite > 499 AND CharterNum is not null","SELECT CharterNum, AvgScrWrite, RANK() OVER (ORDER BY AvgScrWrite DESC) AS WritingScoreRank FROM schools AS T1  INNER JOIN satscores AS T2 ON T1.CDSCode = T2.cds WHERE T2.AvgScrWrite > 499 AND CharterNum is not null",result_matched,SQLite→PG failed,,N/A,False,False
18,SELECT COUNT(T1.CDSCode) FROM frpm AS T1 INNER JOIN satscores AS T2 ON T1.CDSCode = T2.cds WHERE T1.`Charter Funding Type` = 'Directly funded' AND T1.`County Name` = 'Fresno' AND T2.NumTstTakr <= 250,SELECT COUNT(T1.CDSCode) FROM frpm AS T1 INNER JOIN satscores AS T2 ON T1.CDSCode = T2.cds WHERE T1.`Charter Funding Type` = 'Directly funded' AND T1.`County Name` = 'Fresno' AND T2.NumTstTakr <= 250,result_matched,"SELECT COUNT(T1.""CDSCode"") FROM ""frpm"" AS T1 INNER JOIN ""satscores"" AS T2 ON T1.""CDSCode"" = T2.""cds"" WHERE T1.""Charter Funding Type"" = 'Directly funded' AND T1.""County Name"" = 'Fresno' AND T2.""NumTstTakr"" <= 250",SELECT COUNT(T1.`CDSCode`) FROM `frpm` AS T1 INNER JOIN `satscores` AS T2 ON T1.`CDSCode` = T2.`cds` WHERE T1.`Charter Funding Type` = 'Directly funded' AND T1.`County Name` = 'Fresno' AND T2.`NumTstTakr` <= 250,result_matched,True,False
19,SELECT T1.Phone FROM schools AS T1 INNER JOIN satscores AS T2 ON T1.CDSCode = T2.cds ORDER BY T2.AvgScrMath DESC LIMIT 1,SELECT T1.Phone FROM schools AS T1 INNER JOIN satscores AS T2 ON T1.CDSCode = T2.cds ORDER BY T2.AvgScrMath DESC LIMIT 1,result_matched,SQLite→PG failed,,N/A,False,False
20,SELECT COUNT(T1.`School Name`) FROM frpm AS T1 INNER JOIN schools AS T2 ON T1.CDSCode = T2.CDSCode WHERE T2.County = 'Amador' AND T1.`Low Grade` = 9 AND T1.`High Grade` = 12,SELECT COUNT(T1.`School Name`) FROM frpm AS T1 INNER JOIN schools AS T2 ON T1.CDSCode = T2.CDSCode WHERE T2.County = 'Amador' AND T1.`Low Grade` = 9 AND T1.`High Grade` = 12,result_matched,"SELECT COUNT(T1.""School Name"") FROM ""frpm"" AS T1 INNER JOIN ""schools"" AS T2 ON T1.""CDSCode"" = T2.""CDSCode"" WHERE T2.""County"" = 'Amador' AND T1.""Low Grade"" = '9' AND T1.""High Grade"" = '12'",SELECT COUNT(T1.`School Name`) FROM `frpm` AS T1 INNER JOIN `schools` AS T2 ON T1.`CDSCode` = T2.`CDSCode` WHERE T2.`County` = 'Amador' AND T1.`Low Grade` = '9' AND T1.`High Grade` = '12',result_matched,True,False
21,SELECT COUNT(CDSCode) FROM frpm WHERE `County Name` = 'Los Angeles' AND `Free Meal Count (K-12)` > 500 AND `FRPM Count (K-12)`< 700,SELECT COUNT(CDSCode) FROM frpm WHERE `County Name` = 'Los Angeles' AND `Free Meal Count (K-12)` > 500 AND `FRPM Count (K-12)` < 700,result_matched,"SELECT COUNT(""CDSCode"") FROM ""frpm"" WHERE ""County Name"" = 'Los Angeles' AND ""Free Meal Count (K-12)"" > 500 AND ""FRPM Count (K-12)"" < 700",SELECT COUNT(`CDSCode`) FROM `frpm` WHERE `County Name` = 'Los Angeles' AND `Free Meal Count (K-12)` > 500 AND `FRPM Count (K-12)` < 700,result_matched,True,False
22,SELECT sname FROM satscores WHERE cname = 'Contra Costa' AND sname IS NOT NULL ORDER BY NumTstTakr DESC LIMIT 1,SELECT sname FROM satscores WHERE cname = 'Contra Costa' AND sname IS NOT NULL ORDER BY NumTstTakr DESC LIMIT 1,result_matched,"SELECT ""sname"" FROM ""satscores"" WHERE ""cname"" = 'Contra Costa' AND ""sname"" IS NOT NULL ORDER BY ""NumTstTakr"" DESC NULLS LAST LIMIT 1",SELECT `sname` FROM `satscores` WHERE `cname` = 'Contra Costa' AND `sname` IS NOT NULL ORDER BY `NumTstTakr` DESC LIMIT 1,result_matched,True,False
23,"SELECT T1.School, T1.Street FROM schools AS T1 INNER JOIN frpm AS T2 ON T1.CDSCode = T2.CDSCode WHERE T2.`Enrollment (K-12)` - T2.`Enrollment (Ages 5-17)` > 30","SELECT T1.School, T1.Street FROM schools AS T1 INNER JOIN frpm AS T2 ON T1.CDSCode = T2.CDSCode WHERE T2.`Enrollment (K-12)` - T2.`Enrollment (Ages 5-17)` > 30",result_matched,SQLite→PG failed,,N/A,False,False
24,SELECT T2.`School Name` FROM satscores AS T1 INNER JOIN frpm AS T2 ON T1.cds = T2.CDSCode WHERE CAST(T2.`Free Meal Count (K-12)` AS REAL) / T2.`Enrollment (K-12)` > 0.1 AND T1.NumGE1500 > 0,"SELECT T2.`School Name` FROM satscores AS T1 INNER JOIN frpm AS T2 ON T1.cds = T2.CDSCode WHERE T2.`Enrollment (K-12)` IS NOT NULL AND T2.`Enrollment (K-12)` != 0 AND T2.`Free Meal Count (K-12)` IS NOT NULL AND TRUNCATE(T2.`Free Meal Count (K-12)` / T2.`Enrollment (K-12)`, 4) > 0.1 AND T1.NumGE1500 > 0",exhausted_retry,SQLite→PG failed,,N/A,False,False
25,"SELECT T1.sname, T2.`Charter Funding Type` FROM satscores AS T1 INNER JOIN frpm AS T2 ON T1.cds = T2.CDSCode WHERE T2.`District Name` LIKE 'Riverside%' GROUP BY T1.sname, T2.`Charter Funding Type` HAVING CAST(SUM(T1.AvgScrMath) AS REAL) / COUNT(T1.cds) > 400","SELECT T1.sname, T2.`Charter Funding Type` FROM satscores AS T1 INNER JOIN frpm AS T2 ON T1.cds = T2.CDSCode WHERE T2.`District Name` LIKE 'Riverside%' GROUP BY T1.sname, T2.`Charter Funding Type` HAVING SUM(T1.AvgScrMath) / COUNT(T1.cds) > 400 ORDER BY T1.sname, T2.`Charter Funding Type`",result_matched,"SELECT T1.""sname"", T2.""Charter Funding Type"" FROM ""satscores"" AS T1 INNER JOIN ""frpm"" AS T2 ON T1.""cds"" = T2.""CDSCode"" WHERE T2.""District Name"" LIKE 'Riverside%' GROUP BY T1.""sname"", T2.""Charter Funding Type"" HAVING SUM(T1.""AvgScrMath"")::DOUBLE PRECISION / COUNT(T1.""cds"") > 400","SELECT T1.sname, T2.`Charter Funding Type` FROM `satscores` AS T1 INNER JOIN `frpm` AS T2 ON T1.cds = T2.CDSCode WHERE T2.`District Name` LIKE 'Riverside%' GROUP BY T1.sname, T2.`Charter Funding Type` HAVING SUM(T1.AvgScrMath) / COUNT(T1.cds) > 400",result_matched,True,False
26,"SELECT T1.`School Name`, T2.Street, T2.City, T2.State, T2.Zip FROM frpm AS T1 INNER JOIN schools AS T2 ON T1.CDSCode = T2.CDSCode WHERE T2.County = 'Monterey' AND T1.`Free Meal Count (Ages 5-17)` > 800 AND T1.`School Type` = 'High Schools (Public)'","SELECT T1.`School Name`, T2.Street, T2.City, T2.State, T2.Zip FROM frpm AS T1 INNER JOIN schools AS T2 ON T1.CDSCode = T2.CDSCode WHERE T2.County = 'Monterey' AND T1.`Free Meal Count (Ages 5-17)` > 800 AND T1.`School Type` = 'High Schools (Public)'",result_matched,"SELECT T1.""School Name"", T2.""Street"", T2.""City"", T2.""State"", T2.""Zip"" FROM ""frpm"" AS T1 INNER JOIN ""schools"" AS T2 ON T1.""CDSCode"" = T2.""CDSCode"" WHERE T2.""County"" = 'Monterey' AND T1.""Free Meal Count (Ages 5-17)"" > 800 AND T1.""School Type"" = 'High Schools (Public)'","SELECT T1.`School Name`, T2.`Street`, T2.`City`, T2.`State`, T2.`Zip` FROM `frpm` AS T1 INNER JOIN `schools` AS T2 ON T1.`CDSCode` = T2.`CDSCode` WHERE T2.`County` = 'Monterey' AND T1.`Free Meal Count (Ages 5-17)` > 800 AND T1.`School Type` = 'High Schools (Public)'",result_matched,True,False
27,"SELECT T2.School, T1.AvgScrWrite, T2.Phone FROM schools AS T2 LEFT JOIN satscores AS T1 ON T2.CDSCode = T1.cds WHERE strftime('%Y', T2.OpenDate) > '1991' OR strftime('%Y', T2.ClosedDate) < '2000'","SELECT T2.`School`, T1.`AvgScrWrite`, T2.`Phone` FROM `schools` AS T2 LEFT JOIN `satscores` AS T1 ON T2.`CDSCode` = T1.`cds` WHERE DATE_FORMAT(T2.`OpenDate`, '%Y') > '1991' OR DATE_FORMAT(T2.`ClosedDate`, '%Y') < '2000'",result_matched,SQLite→PG failed,,N/A,False,False
28,"SELECT T2.School, T2.DOC FROM frpm AS T1 INNER JOIN schools AS T2 ON T1.CDSCode = T2.CDSCode WHERE T2.FundingType = 'Locally funded' AND (T1.`Enrollment (K-12)` - T1.`Enrollment (Ages 5-17)`) > (SELECT AVG(T3.`Enrollment (K-12)` - T3.`Enrollment (Ages 5-17)`) FROM frpm AS T3 INNER JOIN schools AS T4 ON T3.CDSCode = T4.CDSCode WHERE T4.FundingType = 'Locally funded')","SELECT T2.School, T2.DOC FROM frpm AS T1 INNER JOIN schools AS T2 ON T1.CDSCode = T2.CDSCode WHERE T2.FundingType = 'Locally funded' AND (T1.`Enrollment (K-12)` - T1.`Enrollment (Ages 5-17)`) > (SELECT AVG(T3.`Enrollment (K-12)` - T3.`Enrollment (Ages 5-17)`) FROM frpm AS T3 INNER JOIN schools AS T4 ON T3.CDSCode = T4.CDSCode WHERE T4.FundingType = 'Locally funded')",result_matched,"SELECT T2.""School"", T2.""DOC"" FROM ""frpm"" AS T1 INNER JOIN ""schools"" AS T2 ON T1.""CDSCode"" = T2.""CDSCode"" WHERE T2.""FundingType"" = 'Locally funded' AND (T1.""Enrollment (K-12)"" - T1.""Enrollment (Ages 5-17)"") > (SELECT AVG(T3.""Enrollment (K-12)"" - T3.""Enrollment (Ages 5-17)"") FROM ""frpm"" AS T3 INNER JOIN ""schools"" AS T4 ON T3.""CDSCode"" = T4.""CDSCode"" WHERE T4.""FundingType"" = 'Locally funded')","SELECT T2.`School`, T2.`DOC` FROM `frpm` AS T1 INNER JOIN `schools` AS T2 ON T1.`CDSCode` = T2.`CDSCode` WHERE T2.`FundingType` = 'Locally funded' AND (T1.`Enrollment (K-12)` - T1.`Enrollment (Ages 5-17)`) > (SELECT AVG(T3.`Enrollment (K-12)` - T3.`Enrollment (Ages 5-17)`) FROM `frpm` AS T3 INNER JOIN `schools` AS T4 ON T3.`CDSCode` = T4.`CDSCode` WHERE T4.`FundingType` = 'Locally funded')",result_matched,True,False
29,SELECT T2.OpenDate FROM frpm AS T1 INNER JOIN schools AS T2 ON T1.CDSCode = T2.CDSCode ORDER BY T1.`Enrollment (K-12)` DESC LIMIT 1,SELECT T2.OpenDate FROM frpm AS T1 INNER JOIN schools AS T2 ON T1.CDSCode = T2.CDSCode ORDER BY T1.`Enrollment (K-12)` DESC LIMIT 1,result_matched,"SELECT T2.""OpenDate"" FROM ""frpm"" AS T1 INNER JOIN ""schools"" AS T2 ON T1.""CDSCode"" = T2.""CDSCode"" ORDER BY T1.""Enrollment (K-12)"" DESC NULLS LAST LIMIT 1",SELECT T2.`OpenDate` FROM `frpm` AS T1 INNER JOIN `schools` AS T2 ON T1.`CDSCode` = T2.`CDSCode` ORDER BY T1.`Enrollment (K-12)` DESC LIMIT 1,result_matched,True,False
30,SELECT T2.City FROM frpm AS T1 INNER JOIN schools AS T2 ON T1.CDSCode = T2.CDSCode GROUP BY T2.City ORDER BY SUM(T1.`Enrollment (K-12)`) ASC LIMIT 5,SELECT T2.City FROM frpm AS T1 INNER JOIN schools AS T2 ON T1.CDSCode = T2.CDSCode GROUP BY T2.City ORDER BY SUM(T1.`Enrollment (K-12)`) ASC LIMIT 5,result_matched,"SELECT T2.""City"" FROM ""frpm"" AS T1 INNER JOIN ""schools"" AS T2 ON T1.""CDSCode"" = T2.""CDSCode"" GROUP BY T2.""City"" ORDER BY SUM(T1.""Enrollment (K-12)"") ASC NULLS FIRST, T2.""City"" ASC NULLS FIRST LIMIT 5","SELECT T2.`City` FROM `frpm` AS T1 INNER JOIN `schools` AS T2 ON T1.`CDSCode` = T2.`CDSCode` GROUP BY T2.`City` ORDER BY (SUM(T1.`Enrollment (K-12)`) IS NULL) DESC, SUM(T1.`Enrollment (K-12)`) ASC, (T2.`City` IS NULL) DESC, T2.`City` ASC LIMIT 5",result_matched,True,False
31,"SELECT CAST(`Free Meal Count (K-12)` AS REAL) / `Enrollment (K-12)` FROM frpm ORDER BY `Enrollment (K-12)` DESC LIMIT 9, 2","SELECT `Free Meal Count (K-12)` / `Enrollment (K-12)` FROM frpm ORDER BY `Enrollment (K-12)` DESC LIMIT 9, 2",result_matched,"SELECT ""Free Meal Count (K-12)""::DOUBLE PRECISION / ""Enrollment (K-12)"" FROM ""frpm"" ORDER BY ""Enrollment (K-12)"" DESC NULLS LAST OFFSET 9 LIMIT 2","SELECT `Free Meal Count (K-12)` / `Enrollment (K-12)` FROM `frpm` ORDER BY `Enrollment (K-12)` IS NULL, `Enrollment (K-12)` DESC LIMIT 2 OFFSET 9",result_matched,True,False
32,SELECT CAST(T1.`FRPM Count (K-12)` AS REAL) / T1.`Enrollment (K-12)` FROM frpm AS T1 INNER JOIN schools AS T2 ON T1.CDSCode = T2.CDSCode WHERE T2.SOC = 66 ORDER BY T1.`FRPM Count (K-12)` DESC LIMIT 5,SELECT T1.`FRPM Count (K-12)` / T1.`Enrollment (K-12)` FROM frpm AS T1 INNER JOIN schools AS T2 ON T1.CDSCode = T2.CDSCode WHERE T2.SOC = '66' ORDER BY T1.`FRPM Count (K-12)` DESC LIMIT 5,result_matched,"SELECT T1.""FRPM Count (K-12)""::DOUBLE PRECISION / T1.""Enrollment (K-12)"" FROM ""frpm"" AS T1 INNER JOIN ""schools"" AS T2 ON T1.""CDSCode"" = T2.""CDSCode"" WHERE T2.""SOC"" = '66' ORDER BY T1.""FRPM Count (K-12)"" DESC NULLS LAST LIMIT 5",SELECT T1.`FRPM Count (K-12)` / T1.`Enrollment (K-12)` FROM `frpm` AS T1 INNER JOIN `schools` AS T2 ON T1.`CDSCode` = T2.`CDSCode` WHERE T2.`SOC` = '66' ORDER BY T1.`FRPM Count (K-12)` DESC LIMIT 5,result_matched,True,False
33,"SELECT T2.Website, T1.`School Name` FROM frpm AS T1 INNER JOIN schools AS T2 ON T1.CDSCode = T2.CDSCode WHERE T1.`Free Meal Count (Ages 5-17)` BETWEEN 1900 AND 2000 AND T2.Website IS NOT NULL","SELECT T2.Website, T1.`School Name` FROM frpm AS T1 INNER JOIN schools AS T2 ON T1.CDSCode = T2.CDSCode WHERE T1.`Free Meal Count (Ages 5-17)` BETWEEN 1900 AND 2000 AND T2.Website IS NOT NULL",result_matched,"SELECT T2.""Website"", T1.""School Name"" FROM ""frpm"" AS T1 INNER JOIN ""schools"" AS T2 ON T1.""CDSCode"" = T2.""CDSCode"" WHERE T1.""Free Meal Count (Ages 5-17)"" BETWEEN 1900 AND 2000 AND T2.""Website"" IS NOT NULL","SELECT T2.`Website`, T1.`School Name` FROM `frpm` AS T1 INNER JOIN `schools` AS T2 ON T1.`CDSCode` = T2.`CDSCode` WHERE T1.`Free Meal Count (Ages 5-17)` BETWEEN 1900 AND 2000 AND T2.`Website` IS NOT NULL",result_matched,True,False
34,SELECT CAST(T2.`Free Meal Count (Ages 5-17)` AS REAL) / T2.`Enrollment (Ages 5-17)` FROM schools AS T1 INNER JOIN frpm AS T2 ON T1.CDSCode = T2.CDSCode WHERE T1.AdmFName1 = 'Kacey' AND T1.AdmLName1 = 'Gibson',SELECT CAST(T2.`Free Meal Count (Ages 5-17)` AS REAL) / T2.`Enrollment (Ages 5-17)` FROM schools AS T1 INNER JOIN frpm AS T2 ON T1.CDSCode = T2.CDSCode WHERE T1.AdmFName1 = 'Kacey' AND T1.AdmLName1 = 'Gibson',result_matched,"SELECT T2.""Free Meal Count (Ages 5-17)""::DOUBLE PRECISION / T2.""Enrollment (Ages 5-17)"" FROM ""schools"" AS T1 INNER JOIN ""frpm"" AS T2 ON T1.""CDSCode"" = T2.""CDSCode"" WHERE T1.""AdmFName1"" = 'Kacey' AND T1.""AdmLName1"" = 'Gibson'",SELECT T2.`Free Meal Count (Ages 5-17)` / T2.`Enrollment (Ages 5-17)` FROM `schools` AS T1 INNER JOIN `frpm` AS T2 ON T1.`CDSCode` = T2.`CDSCode` WHERE T1.`AdmFName1` = 'Kacey' AND T1.`AdmLName1` = 'Gibson',result_matched,True,False
35,SELECT T2.AdmEmail1 FROM frpm AS T1 INNER JOIN schools AS T2 ON T1.CDSCode = T2.CDSCode WHERE T1.`Charter School (Y/N)` = 1 ORDER BY T1.`Enrollment (K-12)` ASC LIMIT 1,SELECT T2.AdmEmail1 FROM frpm AS T1 INNER JOIN schools AS T2 ON T1.CDSCode = T2.CDSCode WHERE T1.`Charter School (Y/N)` = 1 ORDER BY T1.`Enrollment (K-12)` ASC LIMIT 1,result_matched,"SELECT T2.""AdmEmail1"" FROM ""frpm"" AS T1 INNER JOIN ""schools"" AS T2 ON T1.""CDSCode"" = T2.""CDSCode"" WHERE T1.""Charter School (Y/N)"" = TRUE ORDER BY T1.""Enrollment (K-12)"" ASC NULLS LAST LIMIT 1","SELECT T2.`AdmEmail1` FROM `frpm` AS T1 INNER JOIN `schools` AS T2 ON T1.`CDSCode` = T2.`CDSCode` WHERE T1.`Charter School (Y/N)` = 1 ORDER BY T1.`Enrollment (K-12)` IS NULL ASC, T1.`Enrollment (K-12)` ASC LIMIT 1",result_matched,True,False
36,"SELECT T2.AdmFName1, T2.AdmLName1, T2.AdmFName2, T2.AdmLName2, T2.AdmFName3, T2.AdmLName3 FROM satscores AS T1 INNER JOIN schools AS T2 ON T1.cds = T2.CDSCode ORDER BY T1.NumGE1500 DESC LIMIT 1","SELECT T2.AdmFName1, T2.AdmLName1, T2.AdmFName2, T2.AdmLName2, T2.AdmFName3, T2.AdmLName3 FROM satscores AS T1 INNER JOIN schools AS T2 ON T1.cds = T2.CDSCode ORDER BY T1.NumGE1500 DESC LIMIT 1",result_matched,"SELECT T2.""AdmFName1"", T2.""AdmLName1"", T2.""AdmFName2"", T2.""AdmLName2"", T2.""AdmFName3"", T2.""AdmLName3"" FROM ""satscores"" AS T1 INNER JOIN ""schools"" AS T2 ON T1.""cds"" = T2.""CDSCode"" ORDER BY T1.""NumGE1500"" DESC NULLS LAST LIMIT 1","SELECT T2.`AdmFName1`, T2.`AdmLName1`, T2.`AdmFName2`, T2.`AdmLName2`, T2.`AdmFName3`, T2.`AdmLName3` FROM `satscores` AS T1 INNER JOIN `schools` AS T2 ON T1.`cds` = T2.`CDSCode` ORDER BY T1.`NumGE1500` DESC LIMIT 1",result_matched,True,False
37,"SELECT T2.Street, T2.City, T2.State, T2.Zip FROM satscores AS T1 INNER JOIN schools AS T2 ON T1.cds = T2.CDSCode ORDER BY CAST(T1.NumGE1500 AS REAL) / T1.NumTstTakr ASC LIMIT 1","SELECT T2.`Street`, T2.`City`, T2.`State`, T2.`Zip` FROM `satscores` AS T1 INNER JOIN `schools` AS T2 ON T1.`cds` = T2.`CDSCode` ORDER BY CAST(T1.`NumGE1500` AS DECIMAL(10, 8)) / NULLIF(CAST(T1.`NumTstTakr` AS DECIMAL(10, 8)), 0) ASC, T1.`cds` ASC LIMIT 1",exhausted_retry,SQLite→PG failed,,N/A,False,False
38,SELECT T2.Website FROM satscores AS T1 INNER JOIN schools AS T2 ON T1.cds = T2.CDSCode WHERE T1.NumTstTakr BETWEEN 2000 AND 3000 AND T2.County = 'Los Angeles',SELECT T2.Website FROM satscores AS T1 INNER JOIN schools AS T2 ON T1.cds = T2.CDSCode WHERE T1.NumTstTakr BETWEEN 2000 AND 3000 AND T2.County = 'Los Angeles',result_matched,"SELECT T2.""Website"" FROM ""satscores"" AS T1 INNER JOIN ""schools"" AS T2 ON T1.""cds"" = T2.""CDSCode"" WHERE T1.""NumTstTakr"" BETWEEN 2000 AND 3000 AND T2.""County"" = 'Los Angeles'",SELECT T2.`Website` FROM `satscores` AS T1 INNER JOIN `schools` AS T2 ON T1.`cds` = T2.`CDSCode` WHERE T1.`NumTstTakr` BETWEEN 2000 AND 3000 AND T2.`County` = 'Los Angeles',result_matched,True,False
39,"SELECT AVG(T1.NumTstTakr) FROM satscores AS T1 INNER JOIN schools AS T2 ON T1.cds = T2.CDSCode WHERE strftime('%Y', T2.OpenDate) = '1980' AND T2.County = 'Fresno'",SELECT AVG(T1.NumTstTakr) FROM satscores AS T1 INNER JOIN schools AS T2 ON T1.cds = T2.CDSCode WHERE YEAR(T2.OpenDate) = 1980 AND T2.County = 'Fresno',result_matched,"SELECT AVG(T1.""NumTstTakr"") FROM ""satscores"" AS T1 INNER JOIN ""schools"" AS T2 ON T1.""cds"" = T2.""CDSCode"" WHERE EXTRACT(YEAR FROM T2.""OpenDate"") = 1980 AND T2.""County"" = 'Fresno'",SELECT AVG(T1.`NumTstTakr`) FROM `satscores` AS T1 INNER JOIN `schools` AS T2 ON T1.`cds` = T2.`CDSCode` WHERE YEAR(T2.`OpenDate`) = 1980 AND T2.`County` = 'Fresno',result_matched,True,False
40,SELECT T2.Phone FROM satscores AS T1 INNER JOIN schools AS T2 ON T1.cds = T2.CDSCode WHERE T2.District = 'Fresno Unified' AND T1.AvgScrRead IS NOT NULL ORDER BY T1.AvgScrRead ASC LIMIT 1,SELECT T2.Phone FROM satscores AS T1 INNER JOIN schools AS T2 ON T1.cds = T2.CDSCode WHERE T2.District = 'Fresno Unified' AND T1.AvgScrRead IS NOT NULL ORDER BY T1.AvgScrRead ASC LIMIT 1,result_matched,"SELECT T2.""Phone"" FROM ""satscores"" AS T1 INNER JOIN ""schools"" AS T2 ON T1.""cds"" = T2.""CDSCode"" WHERE T2.""District"" = 'Fresno Unified' AND T1.""AvgScrRead"" IS NOT NULL ORDER BY T1.""AvgScrRead"" ASC NULLS LAST LIMIT 1",SELECT T2.`Phone` FROM `satscores` AS T1 INNER JOIN `schools` AS T2 ON T1.`cds` = T2.`CDSCode` WHERE T2.`District` = 'Fresno Unified' AND T1.`AvgScrRead` IS NOT NULL ORDER BY T1.`AvgScrRead` ASC LIMIT 1,result_matched,True,False
41,"SELECT School FROM (SELECT T2.School,T1.AvgScrRead, RANK() OVER (PARTITION BY T2.County ORDER BY T1.AvgScrRead DESC) AS rnk FROM satscores AS T1 INNER JOIN schools AS T2 ON T1.cds = T2.CDSCode WHERE T2.Virtual = 'F' ) ranked_schools WHERE rnk <= 5","SELECT `ranked_schools`.`School` FROM (SELECT T2.`School`, T1.`AvgScrRead`, RANK() OVER (PARTITION BY T2.`County` ORDER BY T1.`AvgScrRead` DESC) AS rnk FROM `satscores` AS T1 INNER JOIN `schools` AS T2 ON T1.`cds` = T2.`CDSCode` WHERE T2.`Virtual` = 'F' ) AS ranked_schools WHERE rnk <= 5",result_matched,"SELECT ""School"" FROM (SELECT T2.""School"", T1.""AvgScrRead"", RANK() OVER (PARTITION BY T2.""County"" ORDER BY T1.""AvgScrRead"" DESC) AS rnk FROM ""satscores"" AS T1 INNER JOIN ""schools"" AS T2 ON T1.""cds"" = T2.""CDSCode"" WHERE T2.""Virtual"" = 'F' ) AS ranked_schools WHERE rnk <= 5","SELECT `School` FROM (SELECT T2.`School`, T1.`AvgScrRead`, RANK() OVER (PARTITION BY BINARY T2.`County` ORDER BY (T1.`AvgScrRead` IS NULL) DESC, T1.`AvgScrRead` DESC, T2.`School` ASC) AS rnk FROM `satscores` AS T1 INNER JOIN `schools` AS T2 ON T1.`cds` = T2.`CDSCode` WHERE BINARY T2.`Virtual` = 'F' ) AS ranked_schools WHERE rnk <= 5",exhausted_retry,False,False
42,SELECT T2.EdOpsName FROM satscores AS T1 INNER JOIN schools AS T2 ON T1.cds = T2.CDSCode ORDER BY T1.AvgScrMath DESC LIMIT 1,SELECT T2.EdOpsName FROM satscores AS T1 INNER JOIN schools AS T2 ON T1.cds = T2.CDSCode ORDER BY T1.AvgScrMath DESC LIMIT 1,result_matched,"SELECT T2.""EdOpsName"" FROM ""satscores"" AS T1 INNER JOIN ""schools"" AS T2 ON T1.""cds"" = T2.""CDSCode"" ORDER BY T1.""AvgScrMath"" DESC NULLS LAST LIMIT 1",SELECT T2.`EdOpsName` FROM `satscores` AS T1 INNER JOIN `schools` AS T2 ON T1.`cds` = T2.`CDSCode` ORDER BY T1.`AvgScrMath` DESC LIMIT 1,result_matched,True,False
43,"SELECT T1.AvgScrMath, T2.County FROM satscores AS T1 INNER JOIN schools AS T2 ON T1.cds = T2.CDSCode WHERE T1.AvgScrMath IS NOT NULL ORDER BY T1.AvgScrMath + T1.AvgScrRead + T1.AvgScrWrite ASC LIMIT 1","SELECT `T1`.`AvgScrMath`, `T2`.`County` FROM `satscores` AS `T1` INNER JOIN `schools` AS `T2` ON `T1`.`cds` = `T2`.`CDSCode` WHERE `T1`.`AvgScrMath` IS NOT NULL ORDER BY CAST(`T1`.`AvgScrMath` AS SIGNED) + CAST(COALESCE(`T1`.`AvgScrRead`, 0) AS SIGNED) + CAST(COALESCE(`T1`.`AvgScrWrite`, 0) AS SIGNED) ASC LIMIT 1",unable_to_match,SQLite→PG failed,,N/A,False,False
44,"SELECT T1.AvgScrWrite, T2.City FROM satscores AS T1 INNER JOIN schools AS T2 ON T1.cds = T2.CDSCode ORDER BY T1.NumGE1500 DESC LIMIT 1","SELECT T1.AvgScrWrite, T2.City FROM `satscores` AS T1 INNER JOIN `schools` AS T2 ON T1.`cds` = T2.`CDSCode` ORDER BY T1.`NumGE1500` DESC LIMIT 1",result_matched,"SELECT T1.""AvgScrWrite"", T2.""City"" FROM ""satscores"" AS T1 INNER JOIN ""schools"" AS T2 ON T1.""cds"" = T2.""CDSCode"" ORDER BY T1.""NumGE1500"" DESC NULLS LAST LIMIT 1","SELECT T1.`AvgScrWrite`, T2.`City` FROM `satscores` AS T1 INNER JOIN `schools` AS T2 ON T1.`cds` = T2.`CDSCode` ORDER BY T1.`NumGE1500` DESC LIMIT 1",result_matched,True,False
45,"SELECT T2.School, T1.AvgScrWrite FROM satscores AS T1 INNER JOIN schools AS T2 ON T1.cds = T2.CDSCode WHERE T2.AdmFName1 = 'Ricci' AND T2.AdmLName1 = 'Ulrich'","SELECT T2.`School`, T1.`AvgScrWrite` FROM `satscores` AS T1 INNER JOIN `schools` AS T2 ON T1.`cds` = T2.`CDSCode` WHERE T2.`AdmFName1` = 'Ricci' AND T2.`AdmLName1` = 'Ulrich'",result_matched,"SELECT T2.""School"", T1.""AvgScrWrite"" FROM ""satscores"" AS T1 INNER JOIN ""schools"" AS T2 ON T1.""cds"" = T2.""CDSCode"" WHERE T2.""AdmFName1"" = 'Ricci' AND T2.""AdmLName1"" = 'Ulrich'","SELECT T2.`School`, T1.`AvgScrWrite` FROM `satscores` AS T1 INNER JOIN `schools` AS T2 ON T1.`cds` = T2.`CDSCode` WHERE T2.`AdmFName1` = 'Ricci' AND T2.`AdmLName1` = 'Ulrich'",result_matched,True,True
46,SELECT T2.School FROM frpm AS T1 INNER JOIN schools AS T2 ON T1.CDSCode = T2.CDSCode WHERE T2.DOC = 31 ORDER BY T1.`Enrollment (K-12)` DESC LIMIT 1,SELECT T2.`School` FROM `frpm` AS T1 INNER JOIN `schools` AS T2 ON T1.`CDSCode` = T2.`CDSCode` WHERE T2.`DOC` = 31 ORDER BY T1.`Enrollment (K-12)` DESC LIMIT 1,result_matched,"SELECT T2.""School"" FROM ""frpm"" AS T1 INNER JOIN ""schools"" AS T2 ON T1.""CDSCode"" = T2.""CDSCode"" WHERE T2.""DOC"" = '31' ORDER BY T1.""Enrollment (K-12)"" DESC NULLS LAST LIMIT 1",SELECT T2.`School` FROM `frpm` AS T1 INNER JOIN `schools` AS T2 ON T1.`CDSCode` = T2.`CDSCode` WHERE T2.`DOC` = '31' ORDER BY T1.`Enrollment (K-12)` DESC LIMIT 1,result_matched,True,False
47,"SELECT CAST(COUNT(School) AS REAL) / 12 FROM schools WHERE DOC = 52 AND County = 'Alameda' AND strftime('%Y', OpenDate) = '1980'",SELECT CAST(COUNT(`School`) AS DOUBLE) / 12 FROM `schools` WHERE `DOC` = '52' AND `County` = 'Alameda' AND YEAR(`OpenDate`) = 1980,result_matched,"SELECT COUNT(""School"")::DOUBLE PRECISION / 12 FROM ""schools"" WHERE ""DOC"" = '52' AND ""County"" = 'Alameda' AND EXTRACT(YEAR FROM ""OpenDate"") = 1980",SELECT CAST(COUNT(`School`) AS DOUBLE) / 12 FROM `schools` WHERE `DOC` = '52' AND `County` = 'Alameda' AND YEAR(`OpenDate`) = 1980,result_matched,True,True
48,SELECT CAST(SUM(CASE WHEN DOC = 54 THEN 1 ELSE 0 END) AS REAL) / SUM(CASE WHEN DOC = 52 THEN 1 ELSE 0 END) FROM schools WHERE StatusType = 'Merged' AND County = 'Orange',SELECT CAST(SUM(CASE WHEN `DOC` = '54' THEN 1 ELSE 0 END) AS DOUBLE) / SUM(CASE WHEN `DOC` = '52' THEN 1 ELSE 0 END) FROM `schools` WHERE `StatusType` = 'Merged' AND `County` = 'Orange',result_matched,"SELECT (SUM(CASE WHEN ""DOC"" = '54' THEN 1 ELSE 0 END))::DOUBLE PRECISION / SUM(CASE WHEN ""DOC"" = '52' THEN 1 ELSE 0 END) FROM ""schools"" WHERE ""StatusType"" = 'Merged' AND ""County"" = 'Orange'",SELECT SUM(CASE WHEN `DOC` = '54' THEN 1 ELSE 0 END) / SUM(CASE WHEN `DOC` = '52' THEN 1 ELSE 0 END) FROM `schools` WHERE `StatusType` = 'Merged' AND `County` = 'Orange',result_matched,True,False
49,"SELECT DISTINCT County, School, ClosedDate FROM schools WHERE County = ( SELECT County FROM schools WHERE StatusType = 'Closed' GROUP BY County ORDER BY COUNT(School) DESC LIMIT 1 ) AND StatusType = 'Closed' AND school IS NOT NULL","SELECT DISTINCT `County`, `School`, `ClosedDate` FROM `schools` WHERE `County` = ( SELECT `County` FROM `schools` WHERE `StatusType` = 'Closed' GROUP BY `County` ORDER BY COUNT(`School`) DESC LIMIT 1 ) AND `StatusType` = 'Closed' AND `School` IS NOT NULL",result_matched,SQLite→PG failed,,N/A,False,False
50,"SELECT T2.MailStreet, T2.School FROM satscores AS T1 INNER JOIN schools AS T2 ON T1.cds = T2.CDSCode ORDER BY T1.AvgScrMath DESC LIMIT 6, 1","SELECT T2.MailStreet, T2.School FROM satscores AS T1 INNER JOIN schools AS T2 ON T1.cds = T2.CDSCode ORDER BY T1.AvgScrMath DESC LIMIT 6, 1",result_matched,SQLite→PG failed,,N/A,False,False
51,"SELECT T2.MailStreet, T2.School FROM satscores AS T1 INNER JOIN schools AS T2 ON T1.cds = T2.CDSCode WHERE T1.AvgScrRead IS NOT NULL ORDER BY T1.AvgScrRead ASC LIMIT 1","SELECT T2.`MailStreet`, T2.`School` FROM `satscores` AS T1 INNER JOIN `schools` AS T2 ON T1.`cds` = T2.`CDSCode` WHERE T1.`AvgScrRead` IS NOT NULL ORDER BY T1.`AvgScrRead` ASC, T2.`MailStreet` ASC LIMIT 1",unable_to_match,SQLite→PG failed,,N/A,False,False
52,SELECT COUNT(T1.cds) FROM satscores AS T1 INNER JOIN schools AS T2 ON T1.cds = T2.CDSCode WHERE T2.MailCity = 'Lakeport' AND (T1.AvgScrRead + T1.AvgScrMath + T1.AvgScrWrite) >= 1500,SELECT COUNT(T1.cds) FROM satscores AS T1 INNER JOIN schools AS T2 ON T1.cds = T2.CDSCode WHERE T2.MailCity = 'Lakeport' AND (T1.AvgScrRead + T1.AvgScrMath + T1.AvgScrWrite) >= 1500,result_matched,"SELECT COUNT(T1.""cds"") FROM ""satscores"" AS T1 INNER JOIN ""schools"" AS T2 ON T1.""cds"" = T2.""CDSCode"" WHERE T2.""MailCity"" = 'Lakeport' AND (T1.""AvgScrRead"" + T1.""AvgScrMath"" + T1.""AvgScrWrite"") >= 1500",SELECT COUNT(T1.`cds`) FROM `satscores` AS T1 INNER JOIN `schools` AS T2 ON T1.`cds` = T2.`CDSCode` WHERE T2.`MailCity` = 'Lakeport' AND (T1.`AvgScrRead` + T1.`AvgScrMath` + T1.`AvgScrWrite`) >= 1500,result_matched,True,False
53,SELECT T1.NumTstTakr FROM satscores AS T1 INNER JOIN schools AS T2 ON T1.cds = T2.CDSCode WHERE T2.MailCity = 'Fresno',SELECT T1.NumTstTakr FROM satscores AS T1 INNER JOIN schools AS T2 ON T1.cds = T2.CDSCode WHERE T2.MailCity = 'Fresno',result_matched,"SELECT T1.""NumTstTakr"" FROM ""satscores"" AS T1 INNER JOIN ""schools"" AS T2 ON T1.""cds"" = T2.""CDSCode"" WHERE T2.""MailCity"" = 'Fresno'",SELECT T1.`NumTstTakr` FROM `satscores` AS T1 INNER JOIN `schools` AS T2 ON T1.`cds` = T2.`CDSCode` WHERE T2.`MailCity` = 'Fresno',result_matched,True,False
54,"SELECT School, MailZip FROM schools WHERE AdmFName1 = 'Avetik' AND AdmLName1 = 'Atoian'","SELECT `School`, `MailZip` FROM `schools` WHERE `AdmFName1` = 'Avetik' AND `AdmLName1` = 'Atoian'",result_matched,"SELECT ""School"", ""MailZip"" FROM ""schools"" WHERE ""AdmFName1"" = 'Avetik' AND ""AdmLName1"" = 'Atoian'","SELECT `School`, `MailZip` FROM `schools` WHERE `AdmFName1` = 'Avetik' AND `AdmLName1` = 'Atoian'",result_matched,True,True
55,SELECT CAST(SUM(CASE WHEN County = 'Colusa' THEN 1 ELSE 0 END) AS REAL) / SUM(CASE WHEN County = 'Humboldt' THEN 1 ELSE 0 END) FROM schools WHERE MailState = 'CA',SELECT CAST(SUM(CASE WHEN `County` = 'Colusa' THEN 1 ELSE 0 END) AS DOUBLE) / SUM(CASE WHEN `County` = 'Humboldt' THEN 1 ELSE 0 END) FROM `schools` WHERE `MailState` = 'CA',result_matched,"SELECT SUM(CASE WHEN ""County"" = 'Colusa' THEN 1 ELSE 0 END)::DOUBLE PRECISION / SUM(CASE WHEN ""County"" = 'Humboldt' THEN 1 ELSE 0 END) FROM ""schools"" WHERE ""MailState"" = 'CA'",SELECT SUM(CASE WHEN `County` = 'Colusa' THEN 1 ELSE 0 END) / SUM(CASE WHEN `County` = 'Humboldt' THEN 1 ELSE 0 END) FROM `schools` WHERE `MailState` = 'CA',result_matched,True,False
56,SELECT COUNT(CDSCode) FROM schools WHERE City = 'San Joaquin' AND MailState = 'CA' AND StatusType = 'Active',SELECT COUNT(`CDSCode`) FROM `schools` WHERE `City` = 'San Joaquin' AND `MailState` = 'CA' AND `StatusType` = 'Active',result_matched,"SELECT COUNT(""CDSCode"") FROM ""schools"" WHERE ""City"" = 'San Joaquin' AND ""MailState"" = 'CA' AND ""StatusType"" = 'Active'",SELECT COUNT(`CDSCode`) FROM `schools` WHERE `City` = 'San Joaquin' AND `MailState` = 'CA' AND `StatusType` = 'Active',result_matched,True,True
57,"SELECT T2.Phone, T2.Ext FROM satscores AS T1 INNER JOIN schools AS T2 ON T1.cds = T2.CDSCode ORDER BY T1.AvgScrWrite DESC LIMIT 332, 1","SELECT T2.`Phone`, T2.`Ext` FROM `satscores` AS T1 INNER JOIN `schools` AS T2 ON T1.`cds` = T2.`CDSCode` ORDER BY T1.`AvgScrWrite` IS NULL ASC, CAST(T1.`AvgScrWrite` AS SIGNED) DESC, T1.`cds` ASC LIMIT 332, 1",exhausted_retry,SQLite→PG failed,,N/A,False,False
58,"SELECT Phone, Ext, School FROM schools WHERE Zip = '95203-3704'","SELECT Phone, Ext, School FROM schools WHERE Zip = '95203-3704'",result_matched,"SELECT ""Phone"", ""Ext"", ""School"" FROM ""schools"" WHERE ""Zip"" = '95203-3704'","SELECT `Phone`, `Ext`, `School` FROM `schools` WHERE `Zip` = '95203-3704'",result_matched,True,False
59,SELECT Website FROM schools WHERE (AdmFName1 = 'Mike' AND AdmLName1 = 'Larson') OR (AdmFName1 = 'Dante' AND AdmLName1 = 'Alvarez'),SELECT Website FROM schools WHERE (AdmFName1 = 'Mike' AND AdmLName1 = 'Larson') OR (AdmFName1 = 'Dante' AND AdmLName1 = 'Alvarez'),result_matched,"SELECT ""Website"" FROM ""schools"" WHERE (""AdmFName1"" = 'Mike' AND ""AdmLName1"" = 'Larson') OR (""AdmFName1"" = 'Dante' AND ""AdmLName1"" = 'Alvarez')",SELECT `Website` FROM `schools` WHERE (`AdmFName1` = 'Mike' AND `AdmLName1` = 'Larson') OR (`AdmFName1` = 'Dante' AND `AdmLName1` = 'Alvarez'),result_matched,True,False
60,SELECT Website FROM schools WHERE County = 'San Joaquin' AND Virtual = 'P' AND Charter = 1,SELECT `Website` FROM `schools` WHERE `County` = 'San Joaquin' AND `Virtual` = 'P' AND `Charter` = 1,result_matched,"SELECT ""Website"" FROM ""schools"" WHERE ""County"" = 'San Joaquin' AND ""Virtual"" = 'P' AND ""Charter"" = TRUE",SELECT `Website` FROM `schools` WHERE `County` = 'San Joaquin' AND `Virtual` = 'P' AND `Charter` = 1,result_matched,True,True
61,SELECT COUNT(School) FROM schools WHERE DOC = 52 AND Charter = 1 AND City = 'Hickman',SELECT COUNT(School) FROM schools WHERE DOC = 52 AND Charter = 1 AND City = 'Hickman',result_matched,"SELECT COUNT(""School"") FROM ""schools"" WHERE ""DOC"" = '52' AND ""Charter"" = TRUE AND ""City"" = 'Hickman'",SELECT COUNT(`School`) FROM `schools` WHERE `DOC` = '52' AND `Charter` = 1 AND `City` = 'Hickman',result_matched,True,False
62,SELECT COUNT(T2.School) FROM frpm AS T1 INNER JOIN schools AS T2 ON T1.CDSCode = T2.CDSCode WHERE T2.County = 'Los Angeles' AND T2.Charter = 0 AND CAST(T1.`Free Meal Count (K-12)` AS REAL) * 100 / T1.`Enrollment (K-12)` < 0.18,SELECT COUNT(T2.School) FROM frpm AS T1 INNER JOIN schools AS T2 ON T1.CDSCode = T2.CDSCode WHERE T2.County = 'Los Angeles' AND T2.Charter = 0 AND CAST(T1.`Free Meal Count (K-12)` AS REAL) * 100 / T1.`Enrollment (K-12)` < 0.18,result_matched,"SELECT COUNT(T2.""School"") FROM ""frpm"" AS T1 INNER JOIN ""schools"" AS T2 ON T1.""CDSCode"" = T2.""CDSCode"" WHERE T2.""County"" = 'Los Angeles' AND T2.""Charter"" = FALSE AND T1.""Free Meal Count (K-12)""::DOUBLE PRECISION * 100 / T1.""Enrollment (K-12)"" < 0.18;",SELECT COUNT(T2.`School`) FROM `frpm` AS T1 INNER JOIN `schools` AS T2 ON T1.`CDSCode` = T2.`CDSCode` WHERE T2.`County` = 'Los Angeles' AND T2.`Charter` = 0 AND T1.`Free Meal Count (K-12)` * 100 / T1.`Enrollment (K-12)` < 0.18;,result_matched,True,False
63,"SELECT AdmFName1, AdmLName1, School, City FROM schools WHERE Charter = 1 AND CharterNum = '00D2'","SELECT AdmFName1, AdmLName1, School, City FROM schools WHERE Charter = 1 AND CharterNum = '00D2'",result_matched,"SELECT ""AdmFName1"", ""AdmLName1"", ""School"", ""City"" FROM ""schools"" WHERE ""Charter"" = TRUE AND ""CharterNum"" = '00D2'","SELECT `AdmFName1`, `AdmLName1`, `School`, `City` FROM `schools` WHERE `Charter` = 1 AND `CharterNum` = '00D2'",result_matched,True,False
64,SELECT COUNT(*) FROM schools WHERE CharterNum = '00D4' AND MailCity = 'Hickman',SELECT COUNT(*) FROM schools WHERE CharterNum = '00D4' AND MailCity = 'Hickman',result_matched,"SELECT COUNT(*) FROM ""schools"" WHERE ""CharterNum"" = '00D4' AND ""MailCity"" = 'Hickman'",SELECT COUNT(*) FROM `schools` WHERE `CharterNum` = '00D4' AND `MailCity` = 'Hickman',result_matched,True,False
65,SELECT CAST(SUM(CASE WHEN FundingType = 'Locally funded' THEN 1 ELSE 0 END) AS REAL) * 100 / SUM(CASE WHEN FundingType != 'Locally funded' THEN 1 ELSE 0 END) FROM schools WHERE County = 'Santa Clara' AND Charter = 1,SELECT CAST(SUM(CASE WHEN `FundingType` = 'Locally funded' THEN 1 ELSE 0 END) AS DOUBLE) * 100 / SUM(CASE WHEN `FundingType` != 'Locally funded' THEN 1 ELSE 0 END) FROM `schools` WHERE `County` = 'Santa Clara' AND `Charter` = 1,result_matched,"SELECT SUM(CASE WHEN ""FundingType"" = 'Locally funded' THEN 1 ELSE 0 END)::DOUBLE PRECISION * 100 / SUM(CASE WHEN ""FundingType"" != 'Locally funded' THEN 1 ELSE 0 END) FROM ""schools"" WHERE ""County"" = 'Santa Clara' AND ""Charter"" = TRUE",SELECT SUM(CASE WHEN `FundingType` = 'Locally funded' THEN 1 ELSE 0 END) * 100 / SUM(CASE WHEN `FundingType` != 'Locally funded' THEN 1 ELSE 0 END) FROM `schools` WHERE `County` = 'Santa Clara' AND `Charter` = 1,result_matched,True,False
66,"SELECT COUNT(School) FROM schools WHERE strftime('%Y', OpenDate) BETWEEN '2000' AND '2005' AND County = 'Stanislaus' AND FundingType = 'Directly funded'",SELECT COUNT(`School`) FROM `schools` WHERE YEAR(`OpenDate`) BETWEEN 2000 AND 2005 AND `County` = 'Stanislaus' AND `FundingType` = 'Directly funded',result_matched,"SELECT COUNT(""School"") FROM ""schools"" WHERE TO_CHAR(""OpenDate"", 'YYYY') BETWEEN '2000' AND '2005' AND ""County"" = 'Stanislaus' AND ""FundingType"" = 'Directly funded'",SELECT COUNT(`School`) FROM `schools` WHERE YEAR(`OpenDate`) BETWEEN 2000 AND 2005 AND `County` = 'Stanislaus' AND `FundingType` = 'Directly funded',result_matched,True,True
67,"SELECT COUNT(School) FROM schools WHERE strftime('%Y', ClosedDate) = '1989' AND City = 'San Francisco' AND DOCType = 'Community College District'",SELECT COUNT(`School`) FROM `schools` WHERE YEAR(`ClosedDate`) = '1989' AND `City` = 'San Francisco' AND `DOCType` = 'Community College District',result_matched,"SELECT COUNT(""School"") FROM ""schools"" WHERE EXTRACT(YEAR FROM ""ClosedDate"") = 1989 AND ""City"" = 'San Francisco' AND ""DOCType"" = 'Community College District'",SELECT COUNT(`School`) FROM `schools` WHERE YEAR(`ClosedDate`) = 1989 AND `City` = 'San Francisco' AND `DOCType` = 'Community College District',result_matched,True,False
68,"SELECT County FROM schools WHERE strftime('%Y', ClosedDate) BETWEEN '1980' AND '1989' AND StatusType = 'Closed' AND SOC = 11 GROUP BY County ORDER BY COUNT(School) DESC LIMIT 1","SELECT County FROM schools WHERE YEAR(ClosedDate) BETWEEN 1980 AND 1989 AND StatusType = 'Closed' AND CAST(SUBSTRING_INDEX(TRIM(SOC), '.', 1) AS SIGNED) = 11 GROUP BY County ORDER BY COUNT(School) DESC LIMIT 1",exhausted_retry,SQLite→PG failed,,N/A,False,False
69,SELECT NCESDist FROM schools WHERE SOC = 31,SELECT NCESDist FROM schools WHERE SOC = 31,result_matched,"SELECT ""NCESDist"" FROM ""schools"" WHERE ""SOC"" = '31'",SELECT `NCESDist` FROM `schools` WHERE `SOC` = '31',result_matched,True,False
70,SELECT COUNT(School) FROM schools WHERE (StatusType = 'Closed' OR StatusType = 'Active') AND SOC = 69 AND County = 'Alpine',SELECT COUNT(`School`) FROM `schools` WHERE (`StatusType` = 'Closed' OR `StatusType` = 'Active') AND `SOC` = '69' AND `County` = 'Alpine',result_matched,"SELECT COUNT(""School"") FROM ""schools"" WHERE (""StatusType"" = 'Closed' OR ""StatusType"" = 'Active') AND ""SOC"" = '69' AND ""County"" = 'Alpine'",SELECT COUNT(`School`) FROM `schools` WHERE (`StatusType` = 'Closed' OR `StatusType` = 'Active') AND `SOC` = '69' AND `County` = 'Alpine',result_matched,True,True
71,SELECT T1.`District Code` FROM frpm AS T1 INNER JOIN schools AS T2 ON T1.CDSCode = T2.CDSCode WHERE T2.City = 'Fresno' AND T2.Magnet = 0,SELECT T1.`District Code` FROM frpm AS T1 INNER JOIN schools AS T2 ON T1.CDSCode = T2.CDSCode WHERE T2.City = 'Fresno' AND T2.Magnet = 0,result_matched,"SELECT T1.""District Code"" FROM ""frpm"" AS T1 INNER JOIN ""schools"" AS T2 ON T1.""CDSCode"" = T2.""CDSCode"" WHERE T2.""City"" = 'Fresno' AND T2.""Magnet"" = FALSE",SELECT T1.`District Code` FROM `frpm` AS T1 INNER JOIN `schools` AS T2 ON T1.`CDSCode` = T2.`CDSCode` WHERE T2.`City` = 'Fresno' AND NOT T2.`Magnet`,unable_to_match,False,False
72,SELECT T1.`Enrollment (Ages 5-17)` FROM frpm AS T1 INNER JOIN schools AS T2 ON T1.CDSCode = T2.CDSCode WHERE T2.EdOpsCode = 'SSS' AND T2.City = 'Fremont' AND T1.`Academic Year` BETWEEN 2014 AND 2015,SELECT T1.`Enrollment (Ages 5-17)` FROM `frpm` AS T1 INNER JOIN `schools` AS T2 ON T1.`CDSCode` = T2.`CDSCode` WHERE T2.`EdOpsCode` = 'SSS' AND T2.`City` = 'Fremont' AND T1.`Academic Year` BETWEEN 2014 AND 2015,result_matched,"SELECT T1.""Enrollment (Ages 5-17)"" FROM ""frpm"" AS T1 INNER JOIN ""schools"" AS T2 ON T1.""CDSCode"" = T2.""CDSCode"" WHERE T2.""EdOpsCode"" = 'SSS' AND T2.""City"" = 'Fremont' AND LEFT(T1.""Academic Year"", 4)::INTEGER BETWEEN 2014 AND 2015","SELECT T1.`Enrollment (Ages 5-17)` FROM `frpm` AS T1 INNER JOIN `schools` AS T2 ON T1.`CDSCode` = T2.`CDSCode` WHERE T2.`EdOpsCode` = 'SSS' AND T2.`City` = 'Fremont' AND CAST(LEFT(T1.`Academic Year`, 4) AS SIGNED) BETWEEN 2014 AND 2015",result_matched,True,False
73,SELECT T1.`FRPM Count (Ages 5-17)` FROM frpm AS T1 INNER JOIN schools AS T2 ON T1.CDSCode = T2.CDSCode WHERE T2.MailStreet = 'PO Box 1040' AND T2.SOCType = 'Youth Authority Facilities',SELECT T1.`FRPM Count (Ages 5-17)` FROM frpm AS T1 INNER JOIN schools AS T2 ON T1.CDSCode = T2.CDSCode WHERE T2.MailStreet = 'PO Box 1040' AND T2.SOCType = 'Youth Authority Facilities',result_matched,SQLite→PG failed,,N/A,False,False
74,SELECT MIN(T1.`Low Grade`) FROM frpm AS T1 INNER JOIN schools AS T2 ON T1.CDSCode = T2.CDSCode WHERE T2.NCESDist = '0613360' AND T2.EdOpsCode = 'SPECON',SELECT MIN(T1.`Low Grade`) FROM frpm AS T1 INNER JOIN schools AS T2 ON T1.CDSCode = T2.CDSCode WHERE T2.NCESDist = '0613360' AND T2.EdOpsCode = 'SPECON',result_matched,"SELECT MIN(T1.""Low Grade"") FROM ""frpm"" AS T1 INNER JOIN ""schools"" AS T2 ON T1.""CDSCode"" = T2.""CDSCode"" WHERE T2.""NCESDist"" = '0613360' AND T2.""EdOpsCode"" = 'SPECON'",SELECT MIN(T1.`Low Grade`) FROM `frpm` AS T1 INNER JOIN `schools` AS T2 ON T1.`CDSCode` = T2.`CDSCode` WHERE T2.`NCESDist` = '0613360' AND T2.`EdOpsCode` = 'SPECON',result_matched,True,False
75,"SELECT T2.EILName, T2.School FROM frpm AS T1 INNER JOIN schools AS T2 ON T1.CDSCode = T2.CDSCode WHERE T1.`NSLP Provision Status` = 'Breakfast Provision 2' AND T1.`County Code` = 37","SELECT T2.`EILName`, T2.`School` FROM `frpm` AS T1 INNER JOIN `schools` AS T2 ON T1.`CDSCode` = T2.`CDSCode` WHERE T1.`NSLP Provision Status` = 'Breakfast Provision 2' AND T1.`County Code` = '37'",result_matched,"SELECT T2.""EILName"", T2.""School"" FROM ""frpm"" AS T1 INNER JOIN ""schools"" AS T2 ON T1.""CDSCode"" = T2.""CDSCode"" WHERE T1.""NSLP Provision Status"" = 'Breakfast Provision 2' AND T1.""County Code"" = '37'","SELECT T2.`EILName`, T2.`School` FROM `frpm` AS T1 INNER JOIN `schools` AS T2 ON T1.`CDSCode` = T2.`CDSCode` WHERE T1.`NSLP Provision Status` = 'Breakfast Provision 2' AND T1.`County Code` = '37'",result_matched,True,True
76,SELECT T2.City FROM frpm AS T1 INNER JOIN schools AS T2 ON T1.CDSCode = T2.CDSCode WHERE T1.`NSLP Provision Status` = 'Lunch Provision 2' AND T2.County = 'Merced' AND T1.`Low Grade` = 9 AND T1.`High Grade` = 12 AND T2.EILCode = 'HS',SELECT T2.City FROM frpm AS T1 INNER JOIN schools AS T2 ON T1.CDSCode = T2.CDSCode WHERE T1.`NSLP Provision Status` = 'Lunch Provision 2' AND T2.County = 'Merced' AND T1.`Low Grade` = 9 AND T1.`High Grade` = 12 AND T2.EILCode = 'HS',result_matched,"SELECT T2.""City"" FROM ""frpm"" AS T1 INNER JOIN ""schools"" AS T2 ON T1.""CDSCode"" = T2.""CDSCode"" WHERE T1.""NSLP Provision Status"" = 'Lunch Provision 2' AND T2.""County"" = 'Merced' AND T1.""Low Grade"" = '9' AND T1.""High Grade"" = '12' AND T2.""EILCode"" = 'HS'",SELECT T2.`City` FROM `frpm` AS T1 INNER JOIN `schools` AS T2 ON T1.`CDSCode` = T2.`CDSCode` WHERE T1.`NSLP Provision Status` = 'Lunch Provision 2' AND T2.`County` = 'Merced' AND T1.`Low Grade` = '9' AND T1.`High Grade` = '12' AND T2.`EILCode` = 'HS',result_matched,True,False
77,"SELECT T2.School, T1.`FRPM Count (Ages 5-17)` * 100 / T1.`Enrollment (Ages 5-17)` FROM frpm AS T1 INNER JOIN schools AS T2 ON T1.CDSCode = T2.CDSCode WHERE T2.County = 'Los Angeles' AND T2.GSserved = 'K-9'","SELECT T2.School, T1.`FRPM Count (Ages 5-17)` * 100 / T1.`Enrollment (Ages 5-17)` FROM frpm AS T1 INNER JOIN schools AS T2 ON T1.CDSCode = T2.CDSCode WHERE T2.County = 'Los Angeles' AND T2.GSserved = 'K-9'",result_matched,"SELECT ""T2"".""School"", ""T1"".""FRPM Count (Ages 5-17)"" * 100 / ""T1"".""Enrollment (Ages 5-17)"" FROM ""frpm"" AS ""T1"" INNER JOIN ""schools"" AS ""T2"" ON ""T1"".""CDSCode"" = ""T2"".""CDSCode"" WHERE ""T2"".""County"" = 'Los Angeles' AND ""T2"".""GSserved"" = 'K-9'","SELECT `T2`.`School`, `T1`.`FRPM Count (Ages 5-17)` * 100 / `T1`.`Enrollment (Ages 5-17)` FROM `frpm` AS `T1` INNER JOIN `schools` AS `T2` ON `T1`.`CDSCode` = `T2`.`CDSCode` WHERE `T2`.`County` = 'Los Angeles' AND `T2`.`GSserved` = 'K-9'",result_matched,True,False
78,SELECT GSserved FROM schools WHERE City = 'Adelanto' GROUP BY GSserved ORDER BY COUNT(GSserved) DESC LIMIT 1,SELECT GSserved FROM schools WHERE City = 'Adelanto' GROUP BY GSserved ORDER BY COUNT(GSserved) DESC LIMIT 1,result_matched,"SELECT ""GSserved"" FROM ""schools"" WHERE ""City"" = 'Adelanto' GROUP BY ""GSserved"" ORDER BY COUNT(""GSserved"") DESC NULLS LAST LIMIT 1",SELECT `GSserved` FROM `schools` WHERE `City` = 'Adelanto' GROUP BY `GSserved` ORDER BY COUNT(`GSserved`) DESC LIMIT 1,result_matched,True,False
79,"SELECT County, COUNT(Virtual) FROM schools WHERE (County = 'San Diego' OR County = 'Santa Barbara') AND Virtual = 'F' GROUP BY County ORDER BY COUNT(Virtual) DESC LIMIT 1","SELECT County, COUNT(Virtual) FROM schools WHERE (County = 'San Diego' OR County = 'Santa Barbara') AND Virtual = 'F' GROUP BY County ORDER BY COUNT(Virtual) DESC LIMIT 1",result_matched,"SELECT ""County"", COUNT(""Virtual"") FROM ""schools"" WHERE (""County"" = 'San Diego' OR ""County"" = 'Santa Barbara') AND ""Virtual"" = 'F' GROUP BY ""County"" ORDER BY COUNT(""Virtual"") DESC NULLS LAST LIMIT 1","SELECT `County`, COUNT(`Virtual`) FROM `schools` WHERE (`County` = 'San Diego' OR `County` = 'Santa Barbara') AND `Virtual` = 'F' GROUP BY `County` ORDER BY COUNT(`Virtual`) DESC LIMIT 1",result_matched,True,False
80,"SELECT T1.`School Type`, T1.`School Name`, T2.Latitude FROM frpm AS T1 INNER JOIN schools AS T2 ON T1.CDSCode = T2.CDSCode ORDER BY T2.Latitude DESC LIMIT 1","SELECT T1.`School Type`, T1.`School Name`, T2.`Latitude` FROM `frpm` AS T1 INNER JOIN `schools` AS T2 ON T1.`CDSCode` = T2.`CDSCode` ORDER BY T2.`Latitude` DESC LIMIT 1",result_matched,"SELECT T1.""School Type"", T1.""School Name"", T2.""Latitude"" FROM frpm AS T1 INNER JOIN schools AS T2 ON T1.""CDSCode"" = T2.""CDSCode"" ORDER BY T2.""Latitude"" DESC NULLS LAST LIMIT 1","SELECT T1.`School Type`, T1.`School Name`, T2.`Latitude` FROM frpm AS T1 INNER JOIN schools AS T2 ON T1.`CDSCode` = T2.`CDSCode` ORDER BY T2.`Latitude` IS NULL ASC, T2.`Latitude` DESC LIMIT 1",result_matched,True,False
81,"SELECT T2.City, T1.`Low Grade`, T1.`School Name` FROM frpm AS T1 INNER JOIN schools AS T2 ON T1.CDSCode = T2.CDSCode WHERE T2.State = 'CA' ORDER BY T2.Latitude ASC LIMIT 1","SELECT T2.City, T1.`Low Grade`, T1.`School Name` FROM frpm AS T1 INNER JOIN schools AS T2 ON T1.CDSCode = T2.CDSCode WHERE T2.State = 'CA' ORDER BY T2.Latitude ASC, T2.CDSCode ASC LIMIT 1",result_matched,"SELECT T2.""City"", T1.""Low Grade"", T1.""School Name"" FROM ""frpm"" AS T1 INNER JOIN ""schools"" AS T2 ON T1.""CDSCode"" = T2.""CDSCode"" WHERE T2.""State"" = 'CA' ORDER BY T2.""Latitude"" ASC NULLS FIRST LIMIT 1","SELECT T2.`City`, T1.`Low Grade`, T1.`School Name` FROM `frpm` AS T1 INNER JOIN `schools` AS T2 ON T1.`CDSCode` = T2.`CDSCode` WHERE T2.`State` = 'CA' ORDER BY (CASE WHEN T2.`Latitude` IS NULL THEN 0 ELSE 1 END) ASC, T2.`Latitude` ASC, T2.`CDSCode` ASC LIMIT 1",result_matched,True,False
82,SELECT GSoffered FROM schools ORDER BY ABS(longitude) DESC LIMIT 1,SELECT GSoffered FROM schools ORDER BY ABS(longitude) DESC LIMIT 1,result_matched,"SELECT ""GSoffered"" FROM ""schools"" WHERE ABS(""Longitude"") = (SELECT MAX(ABS(""Longitude"")) FROM ""schools"") ORDER BY ""CDSCode"" ASC LIMIT 1",SELECT `GSoffered` FROM `schools` WHERE ABS(`Longitude`) = (SELECT MAX(ABS(`Longitude`)) FROM `schools`) ORDER BY `CDSCode` ASC LIMIT 1,result_matched,True,False
83,"SELECT T2.City, COUNT(T2.CDSCode) FROM frpm AS T1 INNER JOIN schools AS T2 ON T1.CDSCode = T2.CDSCode WHERE T2.Magnet = 1 AND T2.GSoffered = 'K-8' AND T1.`NSLP Provision Status` = 'Multiple Provision Types' GROUP BY T2.City","SELECT T2.City, COUNT(T2.CDSCode) FROM frpm AS T1 INNER JOIN schools AS T2 ON T1.CDSCode = T2.CDSCode WHERE T2.Magnet = 1 AND T2.GSoffered = 'K-8' AND T1.`NSLP Provision Status` = 'Multiple Provision Types' GROUP BY T2.City",result_matched,"SELECT T2.""City"", COUNT(T2.""CDSCode"") FROM ""frpm"" AS T1 INNER JOIN ""schools"" AS T2 ON T1.""CDSCode"" = T2.""CDSCode"" WHERE T2.""Magnet"" IS TRUE AND T2.""GSoffered"" = 'K-8' AND T1.""NSLP Provision Status"" = 'Multiple Provision Types' GROUP BY T2.""City""","SELECT T2.`City`, COUNT(T2.`CDSCode`) FROM `frpm` AS T1 INNER JOIN `schools` AS T2 ON T1.`CDSCode` = T2.`CDSCode` WHERE T2.`Magnet` = 1 AND T2.`GSoffered` = 'K-8' AND T1.`NSLP Provision Status` = 'Multiple Provision Types' GROUP BY T2.`City`",result_matched,True,False
84,"SELECT DISTINCT T1.AdmFName1, T1.District FROM schools AS T1 INNER JOIN ( SELECT admfname1 FROM schools GROUP BY admfname1 ORDER BY COUNT(admfname1) DESC LIMIT 2 ) AS T2 ON T1.AdmFName1 = T2.admfname1","SELECT DISTINCT T1.`AdmFName1`, T1.`District` FROM `schools` AS T1 INNER JOIN ( SELECT `AdmFName1` FROM `schools` GROUP BY `AdmFName1` ORDER BY COUNT(`AdmFName1`) DESC, MIN(`CDSCode`) ASC LIMIT 2 ) AS T2 ON T1.`AdmFName1` = T2.`AdmFName1` ORDER BY T1.`AdmFName1` ASC, T1.`District` ASC",result_matched,"WITH RankedAdmFName AS ( SELECT ""AdmFName1"", COUNT(""AdmFName1"") AS name_count, ROW_NUMBER() OVER (ORDER BY COUNT(""AdmFName1"") DESC, ""AdmFName1"" ASC) as rn FROM ""schools"" WHERE ""AdmFName1"" IS NOT NULL GROUP BY ""AdmFName1"" ) SELECT DISTINCT T1.""AdmFName1"", T1.""District"" FROM ""schools"" AS T1 INNER JOIN RankedAdmFName AS T2 ON T1.""AdmFName1"" = T2.""AdmFName1"" WHERE T2.rn <= 2 ORDER BY T1.""AdmFName1"" ASC, T1.""District"" ASC","WITH RankedAdmFName AS ( SELECT `AdmFName1`, COUNT(`AdmFName1`) AS name_count, ROW_NUMBER() OVER (ORDER BY COUNT(`AdmFName1`) DESC, `AdmFName1` ASC) as rn FROM `schools` WHERE `AdmFName1` IS NOT NULL GROUP BY `AdmFName1` ) SELECT DISTINCT T1.`AdmFName1`, T1.`District` FROM `schools` AS T1 INNER JOIN RankedAdmFName AS T2 ON T1.`AdmFName1` = T2.`AdmFName1` WHERE T2.rn <= 2 ORDER BY T1.`AdmFName1` ASC, T1.`District` ASC",result_matched,True,False
85,"SELECT T1.`Free Meal Count (K-12)` * 100 / T1.`Enrollment (K-12)`, T1.`District Code` FROM frpm AS T1 INNER JOIN schools AS T2 ON T1.CDSCode = T2.CDSCode WHERE T2.AdmFName1 = 'Alusine'","SELECT T1.`Free Meal Count (K-12)` * 100 / T1.`Enrollment (K-12)`, T1.`District Code` FROM frpm AS T1 INNER JOIN schools AS T2 ON T1.CDSCode = T2.CDSCode WHERE T2.AdmFName1 = 'Alusine'",result_matched,"SELECT T1.""Free Meal Count (K-12)"" * 100.0 / T1.""Enrollment (K-12)"", T1.""District Code"" FROM ""frpm"" AS T1 INNER JOIN ""schools"" AS T2 ON T1.""CDSCode"" = T2.""CDSCode"" WHERE T2.""AdmFName1"" = 'Alusine'","SELECT T1.`Free Meal Count (K-12)` * 100.0 / T1.`Enrollment (K-12)`, T1.`District Code` FROM `frpm` AS T1 INNER JOIN `schools` AS T2 ON T1.`CDSCode` = T2.`CDSCode` WHERE T2.`AdmFName1` = 'Alusine'",result_matched,True,False
86,"SELECT AdmLName1, District, County, School FROM schools WHERE CharterNum = '0040'","SELECT AdmLName1, District, County, School FROM schools WHERE CharterNum = '0040'",result_matched,SQLite→PG failed,,N/A,False,False
87,"SELECT T2.AdmEmail1, T2.AdmEmail2 FROM frpm AS T1 INNER JOIN schools AS T2 ON T1.CDSCode = T2.CDSCode WHERE T2.County = 'San Bernardino' AND T2.City = 'San Bernardino' AND T2.DOC = 54 AND strftime('%Y', T2.OpenDate) BETWEEN '2009' AND '2010' AND T2.SOC = 62","SELECT T2.AdmEmail1, T2.AdmEmail2 FROM frpm AS T1 INNER JOIN schools AS T2 ON T1.CDSCode = T2.CDSCode WHERE T2.County = 'San Bernardino' AND T2.City = 'San Bernardino' AND T2.DOC = 54 AND YEAR(T2.OpenDate) BETWEEN 2009 AND 2010 AND T2.SOC = 62",result_matched,"SELECT T2.""AdmEmail1"", T2.""AdmEmail2"" FROM ""frpm"" AS T1 INNER JOIN ""schools"" AS T2 ON T1.""CDSCode"" = T2.""CDSCode"" WHERE T2.""County"" = 'San Bernardino' AND T2.""City"" = 'San Bernardino' AND T2.""DOC"" = '54' AND TO_CHAR(T2.""OpenDate"", 'YYYY') BETWEEN '2009' AND '2010' AND T2.""SOC"" = '62'","SELECT T2.`AdmEmail1`, T2.`AdmEmail2` FROM `frpm` AS T1 INNER JOIN `schools` AS T2 ON T1.`CDSCode` = T2.`CDSCode` WHERE T2.`County` = 'San Bernardino' AND T2.`City` = 'San Bernardino' AND T2.`DOC` = '54' AND YEAR(T2.`OpenDate`) BETWEEN 2009 AND 2010 AND T2.`SOC` = '62'",result_matched,True,False
88,"SELECT T2.AdmEmail1, T2.School FROM satscores AS T1 INNER JOIN schools AS T2 ON T1.cds = T2.CDSCode ORDER BY T1.NumGE1500 DESC LIMIT 1","SELECT T2.AdmEmail1, T2.School FROM satscores AS T1 INNER JOIN schools AS T2 ON T1.cds = T2.CDSCode ORDER BY T1.NumGE1500 DESC LIMIT 1",result_matched,"SELECT T2.""AdmEmail1"", T2.""School"" FROM ""satscores"" AS T1 INNER JOIN ""schools"" AS T2 ON T1.""cds"" = T2.""CDSCode"" ORDER BY T1.""NumGE1500"" DESC NULLS LAST LIMIT 1","SELECT T2.`AdmEmail1`, T2.`School` FROM `satscores` AS T1 INNER JOIN `schools` AS T2 ON T1.`cds` = T2.`CDSCode` ORDER BY ISNULL(T1.`NumGE1500`) ASC, T1.`NumGE1500` DESC LIMIT 1",result_matched,True,False
